{"BTC/USDT:USDT":{"inference_time":{"timestamp":[1753535550,1753535794,1753535902],"value":[2.9108495712280273,3.8644580841064453,1.5924415588378906]},"train_time":{"timestamp":[1753535624],"value":[75.01764178276062]},"cpu_load1min":{"timestamp":[1753535624],"value":[0.71356201171875]},"cpu_load5min":{"timestamp":[1753535624],"value":[0.234344482421875]},"cpu_load15min":{"timestamp":[1753535624],"value":[0.1800537109375]}},"ETH/USDT:USDT":{"inference_time":{"timestamp":[1753535553,1753535795,1753535903],"value":[2.5818564891815186,1.1751093864440918,0.7389671802520752]},"train_time":{"timestamp":[1753535683],"value":[57.63688826560974]},"cpu_load1min":{"timestamp":[1753535683],"value":[0.87994384765625]},"cpu_load5min":{"timestamp":[1753535683],"value":[0.354888916015625]},"cpu_load15min":{"timestamp":[1753535683],"value":[0.22406005859375]}},"BNB/USDT:USDT":{"inference_time":{"timestamp":[1753535556,1753535796,1753535904],"value":[3.123074531555176,1.314037561416626,0.5775802135467529]},"train_time":{"timestamp":[1753535755],"value":[71.58632612228394]},"cpu_load1min":{"timestamp":[1753535755],"value":[0.959075927734375]},"cpu_load5min":{"timestamp":[1753535755],"value":[0.488739013671875]},"cpu_load15min":{"timestamp":[1753535755],"value":[0.280548095703125]}},"XRP/USDT:USDT":{"inference_time":{"timestamp":[1753535559,1753535797,1753535904],"value":[3.1566333770751953,1.0683491230010986,0.6036653518676758]},"train_time":{"timestamp":[1753535793],"value":[36.488529205322266]},"cpu_load1min":{"timestamp":[1753535793],"value":[0.840728759765625]},"cpu_load5min":{"timestamp":[1753535793],"value":[0.5145263671875]},"cpu_load15min":{"timestamp":[1753535793],"value":[0.2978515625]}},"ADA/USDT:USDT":{"inference_time":{"timestamp":[1753535621,1753535798,1753535906],"value":[61.8411967754364,0.21075963973999023,1.0493202209472656]},"train_time":{"timestamp":[1753535860],"value":[65.83868169784546]},"cpu_load1min":{"timestamp":[1753535860],"value":[0.87451171875]},"cpu_load5min":{"timestamp":[1753535860],"value":[0.579864501953125]},"cpu_load15min":{"timestamp":[1753535860],"value":[0.33544921875]}},"SOL/USDT:USDT":{"inference_time":{"timestamp":[1753535624,1753535798,1753535907],"value":[3.0046017169952393,0.18356585502624512,1.1847317218780518]},"train_time":{"timestamp":[1753535901],"value":[40.185375928878784]},"cpu_load1min":{"timestamp":[1753535901],"value":[0.858673095703125]},"cpu_load5min":{"timestamp":[1753535901],"value":[0.6119384765625]},"cpu_load15min":{"timestamp":[1753535901],"value":[0.357574462890625]}},"DOT/USDT:USDT":{"inference_time":{"timestamp":[1753535627,1753535798,1753535907],"value":[2.5558745861053467,0.17455816268920898,0.2410905361175537]},"train_time":{"timestamp":[1753535952],"value":[50.1178560256958]},"cpu_load1min":{"timestamp":[1753535952],"value":[0.802703857421875]},"cpu_load5min":{"timestamp":[1753535952],"value":[0.63604736328125]},"cpu_load15min":{"timestamp":[1753535952],"value":[0.38031005859375]}},"DOGE/USDT:USDT":{"inference_time":{"timestamp":[1753535629,1753535798,1753535907],"value":[2.708405017852783,0.20765256881713867,0.13971829414367676]},"train_time":{"timestamp":[1753536004],"value":[51.24536323547363]},"cpu_load1min":{"timestamp":[1753536004],"value":[0.816650390625]},"cpu_load5min":{"timestamp":[1753536004],"value":[0.66961669921875]},"cpu_load15min":{"timestamp":[1753536004],"value":[0.406585693359375]}},"XVG/USDT:USDT":{"inference_time":{"timestamp":[1753535632,1753535798,1753535907],"value":[2.499143600463867,0.1314239501953125,0.19818830490112305]},"train_time":{"timestamp":[1753536050],"value":[44.45455002784729]},"cpu_load1min":{"timestamp":[1753536050],"value":[0.898101806640625]},"cpu_load5min":{"timestamp":[1753536050],"value":[0.70745849609375]},"cpu_load15min":{"timestamp":[1753536050],"value":[0.431610107421875]}},"LTC/USDT:USDT":{"inference_time":{"timestamp":[1753535634,1753535799,1753535908],"value":[2.356154680252075,0.2545499801635742,0.22402167320251465]},"train_time":{"timestamp":[1753536108],"value":[57.0650475025177]},"cpu_load1min":{"timestamp":[1753536108],"value":[0.912078857421875]},"cpu_load5min":{"timestamp":[1753536108],"value":[0.737640380859375]},"cpu_load15min":{"timestamp":[1753536108],"value":[0.458770751953125]}}}